firstname,lastname,addressLine1,addressLine2,city,comment,email,itemnumber,,phone,state,zipCode
madhu1,atla,onetreehill1,penrose,auckland,test csv comment,madhu@atla.com,1,,1111111111,AL,111111
madhu2,atla,onetreehill2,penrose,auckland,test csv comment,madhu@atla.com,2,,1111111112,AL,111112
madhu3,atla,onetreehill3,penrose,auckland,test csv comment,madhu@atla.com,3,,1111111113,AL,111113
madhu4,atla,onetreehill4,penrose,auckland,test csv comment,madhu@atla.com,4,,1111111114,AL,111114
madhu5,atla,onetreehill5,penrose,auckland,test csv comment,madhu@atla.com,5,,1111111115,AL,111115
madhu6,atla,onetreehill6,penrose,auckland,test csv comment,madhu@atla.com,6,,1111111116,AL,111116
madhu7,atla,onetreehill7,penrose,auckland,test csv comment,madhu@atla.com,7,,1111111117,AL,111117
madhu8,atla,onetreehill8,penrose,auckland,test csv comment,madhu@atla.com,8,,1111111118,AL,111118
madhu9,atla,onetreehill9,penrose,auckland,test csv comment,madhu@atla.com,9,,1111111119,AL,111119
madhu10,atla,onetreehill10,penrose,auckland,test csv comment,madhu@atla.com,10,,1111111120,AL,111120